Actopan_T1177	Clado 1
Actopan_T1179	Clado 1
Actopan_T1178	Clado 1
Actopan_T1180	Clado 1
MatiasRomero_T1231	Clado 1
PasodeMachons_A4P2	Clado 1
PasodeMachons_B4P2	Clado 1
PasodeMachons_F3P2	Clado 1
PasodeMachons_H3P2	Clado 1
Catemaco_T0287	Clado 1
Catemaco_T1953	Clado 1
Catemaco_T1950	Clado 1
Coyame_T0172	Clado 1
Cuert24_S55	Clado 1
Catemaco_T1952	Clado 1
Coyame_T0171	Clado 1
Cuert23_S43	Clado 1
Catemaco_T1954	Clado 1
Coyame_T0175	Clado 1
Cuet30A_S19	Clado 1
Cuet7A_S31	Clado 1
Coyame_T0173	Clado 1
ElChante_T0441	Clado 1
ElChante_T0442	Clado 1
ElChante_T0444	Clado 1
RioLaRosa_T0418	Clado 1
RioLaRosa_T0422	Clado 1
RioLaRosa_T0419	Clado 1
RioLaRosa_T0420	Clado 1
RioLaRosa_T0421	Clado 1
ElLimon_T0495	Clado 1
ElLimon_T0496	Clado 1
ElLimon_T0500	Clado 1
ElLimon_T0497	Clado 1
ElLimon_T0499	Clado 1
Pueraran_T0534	Clado 1
Pueraran_T0539	Clado 1
Pueraran_T0538	Clado 1
Pueraran_T0535	Clado 1
LasEstacas_A3P2	Clado 1
LasEstacas_D3P2	Clado 1
Yautepec_D2P2	Clado 1
Yautepec_E2P2	Clado 1
Yautepec_F2P2	Clado 1
Yautepec_G2P2	Clado 1
Yautepec_H2P2	Clado 1
LasEstacas_B3P2	Clado 1
Bacalar_A12P1	Clado 2
Bacalar_D12P1	Clado 2
Bacalar_F12P1	Clado 2
BetelGuatemala_B7P2	Clado 2
PlayonGuatemala_G6P2	Clado 2
PlayonGuatemala_H6P2	Clado 2
PlayonGuatemala_A7P2	Clado 2
RioLacantun_D6P2	Clado 2
PlayonGuatemala_E6P2	Clado 2
SanFernando_B9P2	Clado 2
PlayonGuatemala_F6P2	Clado 2
TornilloUsumacinta_E7P2	Clado 2
TornilloUsumacinta_G7P2	Clado 2
BetelGuatemala_C7P2	Clado 2
BetelGuatemala_D7P2	Clado 2
RioLacantun_A6P2	Clado 2
RioLacantun_B6P2	Clado 2
RioLacantun_H5P2	Clado 2
Bacalar_B12P1	Clado 2
Bacalar_C12P1	Clado 2
Hunucma_T5554	Clado 2
Hunucma_T5555	Clado 2
Noc-Ac_T1682	Clado 2
Noc-Ac_T1693	Clado 2
Noc-Ac_T1692	Clado 2
Noc-Ac_T1684	Clado 2
Noc-Ac_T1691	Clado 2
Noc-Ac_T1687	Clado 2
NocChoncunchey_C4P2	Clado 2
NocChoncunchey_D4P2	Clado 2
NocChoncunchey_E4P2	Clado 2
Bacalar_E12P1	Clado 2
Candelaria_G11P1	Clado 2
Bacalar_G12P1	Clado 2
LaPuertaCentla_A5P2	Clado 2
SanIsidroTabasco_F5P2	Clado 2
LaPuertaCentla_H4P2	Clado 2
SanIsidroTabasco_G5P2	Clado 2
SanIsidro_T2124	Clado 2
SanIsidro_T2125	Clado 2
TresBrazos_T2071	Clado 2
LaPuertaCentla_B5P2	Clado 2
LaPuertaCentla_C5P2	Clado 2
SanIsidroTabasco_E5P2	Clado 2
TresBrazos_T2070	Clado 2
TresBrazos_T2072	Clado 2
Candelaria_H11P1	Clado 2
LaLibertad_T1485	Clado 2
LaLibertad_T1493	Clado 2
LaLibertad_T1494	Clado 2
LaLibertad_T1484	Clado 2
LaLibertad_T1490	Clado 2
Chi_66	Clado 2
Chi_70	Clado 2
Chi_71	Clado 2
Chi_68	Clado 2
Chi_67	Clado 2
Metzabok_T1747	Clado 2
Metzabok_T1749	Clado 2
Metzabok_T1763	Clado 2
Metzabok_T1748	Clado 2
Metzabok_T1790	Clado 2
Metzabok_T1786	Clado 2
Metzabok_T1789	Clado 2
Metzabok_T1750	Clado 2
LaLibertad_T1489	Clado 2
MatiasRomero_T1232	Clado 2
MatiasRomero_T1234	Clado 2
MatiasRomero_T1237	Clado 2
MatiasRomero_T1235	Clado 2
Maquinas_PIO10	Clado 3
Maquinas_PIO13	Clado 3
Maquinas_PIO2	Clado 3
Maquinas_PIO6	Clado 3
Maquinas_PIO5	Clado 3
Soteapan_T1294	Clado 3
Soteapan_T1295	Clado 3
Soteapan_T1296	Clado 3
Soteapan_T1298	Clado 3
Soteapan_T1300	Clado 3
Soteapan_T1299	Clado 3
Chi_20	Clado 4
Chi_23	Clado 4
Chi_22	Clado 4
Chi_28	Clado 4
Chi_21	Clado 4
Chi_30	Clado 4
Chi_29	Clado 4
CanalMadero_T8337	Clado 5
Tiltepec_T8324	Clado 5
LasPalmas_T8112	Clado 5
NuevaFrancia_T4992	Clado 5
CanalMadero_T8338	Clado 5
Sesecapa_T8131	Clado 5
SanIsidro_T8319	Clado 5
Sequeleno_T8361	Clado 5
Chalaca_T8160	Clado 5
Pijijiapan_T8286	Clado 5
Chalaca_T8161	Clado 5
Hojaral_T8381	Clado 5
MadreVieja_T8142	Clado 5
Hojaral_T8383	Clado 5
Pijijiapan_T8277	Clado 5
Hojaral_T8388	Clado 5
LasPalmas_T8107	Clado 5
Chalaca_T8163	Clado 5
MadreVieja_T8138	Clado 5
ET2703_S142	Clado 5
SanIsidro_T8063	Clado 5
SanIsidro_T8315	Clado 5
Hojaral_T8384	Clado 5
Hojaral_T8387	Clado 5
Hojaral_T8386	Clado 5
Novillero_T8199	Clado 5
Novillero_T8202	Clado 5
Pijijiapan_T8278	Clado 5
Tiltepec_T8327	Clado 5
Tiltepec_T8328	Clado 5
CanalMadero_T8339	Clado 5
Hojaral_T8382	Clado 5
MadreVieja_T8141	Clado 5
ET2702_S163	Clado 5
Hojaral_T8380	Clado 5
Hojaral_T8379	Clado 5
Pijijiapan_T8283	Clado 5
SanIsidro_T8064	Clado 5
Chalaca_T8158	Clado 5
Chalaca_T8159	Clado 5
Sesecapa_T8130	Clado 5
Novillero_T8201	Clado 5
NuevaFrancia_T4990	Clado 5
MadreVieja_T8135	Clado 5
Novillero_T8206	Clado 5
MadreVieja_T8136	Clado 5
SanIsidro_T8320	Clado 5
Hojaral_T8385	Clado 5
LasPalmas_T8111	Clado 5
Sequeleno_T8362	Clado 5
Sequeleno_T8364	Clado 5
Tiltepec_T8323	Clado 5
Novillero_T8205	Clado 5
Pijijiapan_T8281	Clado 5
Sequeleno_T8363	Clado 5
NuevaFrancia_T4987	Clado 5
NuevaFrancia_T4988	Clado 5
NuevaFrancia_T4989	Clado 5
Ostuta_T7972	Clado 5
Perros_T7907	Clado 5
Perros_T7908	Clado 5
SanJuandelRio_T0688	Clado 5
SanJuandelRio_T0689	Clado 5
SanJuandelRio_T0690	Clado 5
Perros_T7909	Clado 5
Tehuantepec_T1379	Clado 5
Tehuantepec_T1380	Clado 5
Tehuantepec_T1381	Clado 5
Tehuantepec_T1377	Clado 5
Tehuantepec_T1378	Clado 5
Perros_T7906	Clado 5
Tehuantepec_T1382	Clado 5
SanJuandelRio_T0691	Clado 5
Tehuantepec_T1374	Clado 5
Tehuantepec_T1376	Clado 5
Ostuta_T7973	Clado 5
Ostuta_T7974	Clado 5
Ostuta_T7975	Clado 5
Ostuta_T7977	Clado 5
LasPalmas_T8108	Clado 5
LasPalmas_T8106	Clado 5
Tiltepec_T8325	Clado 5
Matapalo_Gua_T7267	outgroup
Matapalo_Gua_T7268	outgroup
Aanai_T7385	outgroup
Aanai_T7384	outgroup
